Parameter,ParameterComment,HH_NBS,HH_RNW,PCLC_NBS,PCLC_RNW,DataType,Version,Formula_HH_NBS,Formula_HH_RNW,Formula_PCLC_NBS,Formula_PCLC_RNW,Folder,CustomParameter,NbrVersions,Version2,Formula2_HH_NBS,Formula2_HH_RNW,Formula2_PCLC_NBS,Formula2_PCLC_RNW,Version3,Formula3_HH_NBS,Formula3_HH_RNW,Formula3_PCLC_NBS,Formula3_PCLC_RNW,
EXTVAL,,Y,Y,Y,Y,Money,,('T'=4)*('Margin Parameter'+'Income/Costs Refundable'+'Income/Costs Non-Refundable'*'NRA'),('T'=4)*('Margin Parameter'+'Income/Costs Refundable'+'Income/Costs Non-Refundable'*'NRA'),('T'=4)*('Margin Parameter'+'Income/Costs Refundable'+'Income/Costs Non-Refundable'*'NRA'),('T'=4)*('Margin Parameter'+'Income/Costs Refundable'+'Income/Costs Non-Refundable'*'NRA'),Incomes/Costs,Y,,,,,,,,,,,,
Income/Costs Non-Refundable,,Y,Y,Y,Y,Money,,'ADDON_COM_Non-Refundable' + 'TOTAL Financial Income Non-Refundable' - 'TOTAL Financial Costs Non-Refundable','ADDON_COM_Non-Refundable' + 'TOTAL Financial Income Non-Refundable' - 'TOTAL Financial Costs Non-Refundable','ADDON_COM_Non-Refundable' + 'TOTAL Financial Income Non-Refundable' - 'TOTAL Financial Costs Non-Refundable','ADDON_COM_Non-Refundable' + 'TOTAL Financial Income Non-Refundable' - 'TOTAL Financial Costs Non-Refundable',Incomes/Costs,Y,,,,,,,,,,,,
Income/Costs Refundable,,Y,Y,Y,Y,Money,,'ADDON_COM_Refundable'  + 'Amendments' - 'Discount' + 'IIF_RevAdj (Post Discount)' + 'INSCOM (Post Discount)' + 'TOTAL Financial Income Refundable' - 'TOTAL Financial Costs Refundable','ADDON_COM_Refundable'  + 'Amendments' - 'Discount' + 'IIF_RevAdj (Post Discount)' + 'INSCOM (Post Discount)' + 'TOTAL Financial Income Refundable' - 'TOTAL Financial Costs Refundable','ADDON_COM_Refundable'  + 'Amendments' - 'Discount' + 'IIF_RevAdj (Post Discount)' + 'INSCOM (Post Discount)' + 'TOTAL Financial Income Refundable' - 'TOTAL Financial Costs Refundable','ADDON_COM_Refundable'  + 'Amendments' - 'Discount' + 'IIF_RevAdj (Post Discount)' + 'INSCOM (Post Discount)' + 'TOTAL Financial Income Refundable' - 'TOTAL Financial Costs Refundable',Incomes/Costs,Y,,,,,,,,,,,,
Acquisition Cost,,Y,Y,Y,Y,Money,,('E'=0)*0,('E'=0)*0,('E'=0)*0,('E'=0)*0,Incomes/Costs\Financial Costs Non-Refundable,Y,,,,,,,,,,,,
Box Cost,,Y,Y,Y,Y,Money,,('E'=0)*0,('E'=0)*0,('E'=0)*0,('E'=0)*0,Incomes/Costs\Financial Costs Non-Refundable,Y,,,,,,,,,,,,
Data Costs,,Y,Y,Y,Y,Money,,('E'=0)*0,('E'=0)*0,('E'=0)*0,('E'=0)*0,Incomes/Costs\Financial Costs Non-Refundable,Y,,,,,,,,,,,,
Direct Costs (Renewal),,Y,Y,Y,Y,Money,,('E'=1)*0,('E'=1)*0,('E'=1)*0,('E'=1)*0,Incomes/Costs\Financial Costs Non-Refundable,Y,,,,,,,,,,,,
Direct Costs (Sale),,Y,Y,Y,Y,Money,,('E'=0)*0,('E'=0)*0,('E'=0)*0,('E'=0)*0,Incomes/Costs\Financial Costs Non-Refundable,Y,,,,,,,,,,,,
Junction Variable Costs,,Y,Y,Y,Y,Money,,0,0,0,0,Incomes/Costs\Financial Costs Non-Refundable,Y,,,,,,,,,,,,
Marketing Cost,,Y,Y,Y,Y,Money,,('E'=0)*0,('E'=0)*0,('E'=0)*0,('E'=0)*0,Incomes/Costs\Financial Costs Non-Refundable,Y,,,,,,,,,,,,
Other Financial Costs Non-Refundable,,Y,Y,Y,Y,Money,,0,0,0,0,Incomes/Costs\Financial Costs Non-Refundable,Y,,,,,,,,,,,,
TOTAL Financial Costs Non-Refundable,,Y,Y,Y,Y,Money,,'Acquisition Cost' + 'Box Cost' + 'Data Costs' + 'Direct Costs (Sale)' + 'Direct Costs (Renewal)' + 'Junction Variable Costs' + 'Marketing Cost' + 'Other Financial Costs Non-Refundable','Acquisition Cost' + 'Box Cost' + 'Data Costs' + 'Direct Costs (Sale)' + 'Direct Costs (Renewal)' + 'Junction Variable Costs' + 'Marketing Cost' + 'Other Financial Costs Non-Refundable','Acquisition Cost' + 'Box Cost' + 'Data Costs' + 'Direct Costs (Sale)' + 'Direct Costs (Renewal)' + 'Junction Variable Costs' + 'Marketing Cost' + 'Other Financial Costs Non-Refundable','Acquisition Cost' + 'Box Cost' + 'Data Costs' + 'Direct Costs (Sale)' + 'Direct Costs (Renewal)' + 'Junction Variable Costs' + 'Marketing Cost' + 'Other Financial Costs Non-Refundable',Incomes/Costs\Financial Costs Non-Refundable,Y,,,,,,,,,,,,
Bank Charges,,Y,Y,Y,Y,Money,,0,0,0,0,Incomes/Costs\Financial Costs Refundable,Y,2,Instalment Driven,0*'Instalment Proportion',0*'Instalment Proportion',0*'Instalment Proportion',0*'Instalment Proportion',,,,,,
Comp & Rect,,Y,Y,Y,Y,Money,,0,0,0,0,Incomes/Costs\Financial Costs Refundable,Y,,,,,,,,,,,,
Direct Costs (Admin),,Y,Y,Y,Y,Money,,0,0,0,0,Incomes/Costs\Financial Costs Refundable,Y,,,,,,,,,,,,
Direct Costs (Service),,Y,Y,Y,Y,Money,,0,0,0,0,Incomes/Costs\Financial Costs Refundable,Y,,,,,,,,,,,,
Other Financial Costs Refundable,,Y,Y,Y,Y,Money,,0,0,0,0,Incomes/Costs\Financial Costs Refundable,Y,,,,,,,,,,,,
TOTAL Financial Costs Refundable,,Y,Y,Y,Y,Money,,'Bank Charges' + 'Comp & Rect' + 'Direct Costs (Admin)' + 'Direct Costs (Service)' + 'Other Financial Costs Refundable','Bank Charges' + 'Comp & Rect' + 'Direct Costs (Admin)' + 'Direct Costs (Service)' + 'Other Financial Costs Refundable','Bank Charges' + 'Comp & Rect' + 'Direct Costs (Admin)' + 'Direct Costs (Service)' + 'Other Financial Costs Refundable','Bank Charges' + 'Comp & Rect' + 'Direct Costs (Admin)' + 'Direct Costs (Service)' + 'Other Financial Costs Refundable',Incomes/Costs\Financial Costs Refundable,Y,,,,,,,,,,,,
Admin Fee,,Y,Y,Y,Y,Money,,0,0,0,0,Incomes/Costs\Financial Income Non-Refundable,Y,,,,,,,,,,,,
Credit Card Fees,,Y,Y,Y,Y,Money,,0,0,0,0,Incomes/Costs\Financial Income Non-Refundable,Y,,,,,,,,,,,,
Other Financial Income Non-Refundable,,Y,Y,Y,Y,Money,,0,0,0,0,Incomes/Costs\Financial Income Non-Refundable,Y,,,,,,,,,,,,
TOTAL Financial Income Non-Refundable,,Y,Y,Y,Y,Money,,'Other Financial Income Non-Refundable','Other Financial Income Non-Refundable','Other Financial Income Non-Refundable','Other Financial Income Non-Refundable',Incomes/Costs\Financial Income Non-Refundable,Y,,,,,,,,,,,,
ACM Income,,Y,Y,Y,Y,Money,,0,0,0,0,Incomes/Costs\Financial Income Refundable,Y,,,,,,,,,,,,
Other Financial Income Refundable,,Y,Y,Y,Y,Money,,0,0,0,0,Incomes/Costs\Financial Income Refundable,Y,,,,,,,,,,,,
TOTAL Financial Income Refundable,,Y,Y,Y,Y,Money,,'ACM Income' + 'Other Financial Income Refundable','ACM Income' + 'Other Financial Income Refundable','ACM Income' + 'Other Financial Income Refundable','ACM Income' + 'Other Financial Income Refundable',Incomes/Costs\Financial Income Refundable,Y,,,,,,,,,,,,
INSCOM,,Y,Y,Y,Y,Money,,0.9*'INSPRM',0.9*'INSPRM',0.9*'INSPRM',0.9*'INSPRM',Instalments,Y,,,,,,,,,,,,
INSCOM (Post Discount),,Y,Y,Y,Y,Money,,0.9*'INSPRM (Post Discount)',0.9*'INSPRM (Post Discount)',0.9*'INSPRM (Post Discount)',0.9*'INSPRM (Post Discount)',Instalments,Y,,,,,,,,,,,,
INSPRM,,Y,Y,Y,Y,Money,,'Instalment Proportion'*(1-'DEPPCN'*('T'=0)/100)*('APR'/100)*'TOTPRM','Instalment Proportion'*(1-'DEPPCN'/100)*('APR'/100)*'TOTPRM','Instalment Proportion'*(1-'DEPPCN'*('T'=0)/100)*('APR'/100)*'TOTPRM','Instalment Proportion'*(1-'DEPPCN'/100)*('APR'/100)*'TOTPRM',Instalments,Y,2,General Formula for NBS & RNW,"'Instalment Proportion'*(1-'DEPPCN'*OR('T'=0, 'CE'=1)/100)*('APR'/100)*'TOTPRM'","'Instalment Proportion'*(1-'DEPPCN'*OR('T'=0, 'CE'=1)/100)*('APR'/100)*'TOTPRM'","'Instalment Proportion'*(1-'DEPPCN'*OR('T'=0, 'CE'=1)/100)*('APR'/100)*'TOTPRM'","'Instalment Proportion'*(1-'DEPPCN'*OR('T'=0, 'CE'=1)/100)*('APR'/100)*'TOTPRM'",,,,,,
INSPRM (Post Discount),,Y,Y,Y,Y,Money,,'Instalment Proportion'*(1-'DEPPCN'*('T'=0)/100)*('APR'/100)*'TOTPRM (Post Discount)','Instalment Proportion'*(1-'DEPPCN'/100)*('APR'/100)*'TOTPRM (Post Discount)','Instalment Proportion'*(1-'DEPPCN'*('T'=0)/100)*('APR'/100)*'TOTPRM (Post Discount)','Instalment Proportion'*(1-'DEPPCN'/100)*('APR'/100)*'TOTPRM (Post Discount)',Instalments,Y,2,General Formula for NBS & RNW,"'Instalment Proportion'*(1-'DEPPCN'*OR('T'=0, 'CE'=1)/100)*('APR'/100)*'TOTPRM (Post Discount)'","'Instalment Proportion'*(1-'DEPPCN'*OR('T'=0, 'CE'=1)/100)*('APR'/100)*'TOTPRM (Post Discount)'","'Instalment Proportion'*(1-'DEPPCN'*OR('T'=0, 'CE'=1)/100)*('APR'/100)*'TOTPRM (Post Discount)'","'Instalment Proportion'*(1-'DEPPCN'*OR('T'=0, 'CE'=1)/100)*('APR'/100)*'TOTPRM (Post Discount)'",,,,,,
Instalment Preference,,Y,Y,Y,Y,Percentage,,"('PAYMTD'=""1"")","('PLNNO'<>""0"")","('PAYMTD'=""1"")","('PLNNO'<>""0"")",Instalments,Y,,,,,,,,,,,,
Instalment Proportion,,Y,Y,Y,Y,Percentage,,"('PAYMTD'=""1"")*(1-'Switcher')+('PAYMTD'<>""1"")*('InvSwitcher')","('PLNNO'<>""0"")","('PAYMTD'=""1"")*(1-'Switcher')+('PAYMTD'<>""1"")*('InvSwitcher')","('PLNNO'<>""0"")",Instalments,Y,,,,,,,,,,,,
InvSwitcher,,Y,Y,Y,Y,Percentage,,0,0,0,0,Instalments,Y,,,,,,,,,,,,
Switcher,,Y,Y,Y,Y,Percentage,,0,0,0,0,Instalments,Y,,,,,,,,,,,,
ADDON_COM_Non-Refundable,,Y,Y,Y,Y,Money,,('ADDON_COM'-'ADDON_COM_Refundable'),('ADDON_COM'-'ADDON_COM_Refundable'),('ADDON_COM'-'ADDON_COM_Refundable'),('ADDON_COM'-'ADDON_COM_Refundable'),Premium Variables\AddOns,Y,,,,,,,,,,,,
ADDON_COM_Refundable,,Y,Y,Y,Y,Money,,('HEACOM'+'Legal Com'+'Premier Com'),('HEACOM'+'Legal Com'+'Premier Com'),('Protected NCD Com'+'Premier Com'),('Protected NCD Com'+'Premier Com'),Premium Variables\AddOns,Y,,,,,,,,,,,,
ADDON_COM,,Y,Y,Y,Y,Money,,('HEACOM'+'Legal Com'+'Keycare Com'+'OTHCOM'+'Premier Com'),('HEACOM'+'Legal Com'+'Keycare Com'+'OTHCOM'+'Premier Com'),('Break Com'+'GRC Com'+'Keycare Com'+'Legal Com'+'Protected NCD Com'+'ToolsCover Com'+'OTHCOM'+'Premier Com'),('Break Com'+'GRC Com'+'Keycare Com'+'Legal Com'+'Protected NCD Com'+'ToolsCover Com'+'OTHCOM'+'Premier Com'),Premium Variables\AddOns,Y,,,,,,,,,,,,
ADDON_NET,,Y,Y,Y,Y,Money,,('HEANET'+'Legal Net'+'Keycare Net'+'OTHNET'+'Premier Net'),('HEANET'+'Legal Net'+'Keycare Net'+'OTHNET'+'Premier Net'),('Break Net'+'GRC Net'+'Keycare Net'+'Legal Net'+'Protected NCD Net'+'ToolsCover Net'+'OTHNET'+'Premier Net'),('Break Net'+'GRC Net'+'Keycare Net'+'Legal Net'+'Protected NCD Net'+'ToolsCover Net'+'OTHNET'+'Premier Net'),Premium Variables\AddOns,Y,,,,,,,,,,,,
ADDON_PRM,,Y,Y,Y,Y,Money,,'ADDON_COM'+'ADDON_NET','ADDON_COM'+'ADDON_NET','ADDON_COM'+'ADDON_NET','ADDON_COM'+'ADDON_NET',Premium Variables\AddOns,Y,,,,,,,,,,,,
Break Com,,,,Y,Y,Money,,0,0,(0*'Breakdown_Pen'),'BRKCOM',Premium Variables\AddOns,Y,,,,,,,,,,,,
Break Net,,,,Y,Y,Money,,0,0,(0*'Breakdown_Pen'),'BRKNET',Premium Variables\AddOns,Y,,,,,,,,,,,,
BRKPRM,,,,Y,Y,Money,,0,0,'Break Com'+'Break Net','Break Com'+'Break Net',Premium Variables\AddOns,Y,,,,,,,,,,,,
GRC Com,,,,Y,Y,Money,,0,0,(0*'GRC_Pen'),'GRCCOM',Premium Variables\AddOns,Y,,,,,,,,,,,,
GRC Net,,,,Y,Y,Money,,0,0,(0*'GRC_Pen'),'GRCNET',Premium Variables\AddOns,Y,,,,,,,,,,,,
GRCPRM,,,,Y,Y,Money,,0,0,'GRC Com'+'GRC Net','GRC Com'+'GRC Net',Premium Variables\AddOns,Y,,,,,,,,,,,,
HEACOM,,Y,Y,,,Money,,(0*'HEA_Pen'),'HMACOM',0,0,Premium Variables\AddOns,Y,,,,,,,,,,,,
HEANET,,Y,Y,,,Money,,(0*'HEA_Pen'),'HMANET',0,0,Premium Variables\AddOns,Y,,,,,,,,,,,,
HEAPRM,,Y,Y,,,Money,,'HEACOM'+'HEANET','HEACOM'+'HEANET',0,0,Premium Variables\AddOns,Y,,,,,,,,,,,,
Keycare Com,,Y,Y,Y,Y,Money,,(0*'Keycare_Pen'),'KEYCOM',(0*'Keycare_Pen'),'KEYCOM',Premium Variables\AddOns,Y,,,,,,,,,,,,
Keycare Net,,Y,Y,Y,Y,Money,,(0*'Keycare_Pen'),'KEYNET',(0*'Keycare_Pen'),'KEYNET',Premium Variables\AddOns,Y,,,,,,,,,,,,
KEYPRM,,Y,Y,Y,Y,Money,,'Keycare Com'+'Keycare Net','Keycare Com'+'Keycare Net','Keycare Com'+'Keycare Net','Keycare Com'+'Keycare Net',Premium Variables\AddOns,Y,,,,,,,,,,,,
Legal Com,,Y,Y,Y,Y,Money,,(0*'Legal_Pen'),'LGLCOM',(0*'Legal_Pen'),'LGLCOM',Premium Variables\AddOns,Y,,,,,,,,,,,,
Legal Net,,Y,Y,Y,Y,Money,,(0*'Legal_Pen'),'LGLNET',(0*'Legal_Pen'),'LGLNET',Premium Variables\AddOns,Y,,,,,,,,,,,,
LGLPRM,,Y,Y,Y,Y,Money,,'Legal Com'+'Legal Net','Legal Com'+'Legal Net','Legal Com'+'Legal Net','Legal Com'+'Legal Net',Premium Variables\AddOns,Y,,,,,,,,,,,,
OTHCOM,,Y,Y,Y,Y,Money,,(0*'Other_Pen'),('Quote_TotalCommission'{})-('HMACOM'{}+'KEYCOM'{}+'LGLCOM'{}),(0*'Other_Pen'),('Quote_TotalCommission'{})-('BRKCOM'{}+'GRCCOM'{}+'KEYCOM'{}+'LGLCOM'{}+'PNCDCOM'{}),Premium Variables\AddOns,Y,2,VanTools,,,,('Quote_TotalCommission'{})-('BRKCOM'{}+'GRCCOM'{}+'KEYCOM'{}+'LGLCOM'{}+'PNCDCOM'{}+'TOOLSCOM'{}),,,,,,
OTHNET,,Y,Y,Y,Y,Money,,(0*'Other_Pen'),('Quote_TotalNetPremium'{}-'VEHNET'{})-('HMANET'{}+'KEYNET'{}+'LGLNET'{}),(0*'Other_Pen'),('Quote_TotalNetPremium'{}-'VEHNET'{})-('BRKNET'{}+'GRCNET'{}+'KEYNET'{}+'LGLNET'{}+'PNCDNET'{}),Premium Variables\AddOns,Y,2,VanTools,,,,('Quote_TotalNetPremium'{}-'VEHNET'{})-('BRKNET'{}+'GRCNET'{}+'KEYNET'{}+'LGLNET'{}+'PNCDNET'{}+'TOOLSNET'{}),,,,,,
OTHPRM,,Y,Y,Y,Y,Money,,'OTHCOM'+'OTHNET','OTHCOM'+'OTHNET','OTHCOM'+'OTHNET','OTHCOM'+'OTHNET',Premium Variables\AddOns,Y,,,,,,,,,,,,
Premier Com,,Y,Y,Y,Y,Money,,0*'Premier_Pen',0,0*'Premier_Pen',0,Premium Variables\AddOns,Y,,,,,,,,,,,,
Premier Net,,Y,Y,Y,Y,Money,,0*'Premier_Pen',0,0*'Premier_Pen',0,Premium Variables\AddOns,Y,,,,,,,,,,,,
Premier Prm,,Y,Y,Y,Y,Money,,'Premier Com'+'Premier Net','Premier Com'+'Premier Net','Premier Com'+'Premier Net','Premier Com'+'Premier Net',Premium Variables\AddOns,Y,,,,,,,,,,,,
Protected NCD Com,,,,Y,Y,Money,,0,0,(0.06*'VEHNET'*'ProtectedNCD_Pen'),'PNCDCOM',Premium Variables\AddOns,Y,,,,,,,,,,,,
Protected NCD Net,,,,Y,Y,Money,,0,0,(0*'ProtectedNCD_Pen'),'PNCDNET',Premium Variables\AddOns,Y,,,,,,,,,,,,
Protected NCD Prm,,,,Y,Y,Money,,0,0,'Protected NCD Com'+'Protected NCD Net','Protected NCD Com'+'Protected NCD Net',Premium Variables\AddOns,Y,,,,,,,,,,,,
ToolsCover Com,,,,Y,Y,Money,,0,0,0,0,Premium Variables\AddOns,Y,2,VanTools,,,(0*'TOOLS_COVER_Pen'),'TOOLSCOM',,,,,,
ToolsCover Net,,,,Y,Y,Money,,0,0,0,0,Premium Variables\AddOns,Y,2,VanTools,,,(0*'TOOLS_COVER_Pen'),'TOOLSNET',,,,,,
ToolsCover Prm,,,,Y,Y,Money,,0,0,'ToolsCover Com'+'ToolsCover Net','ToolsCover Com'+'ToolsCover Net',Premium Variables\AddOns,Y,,,,,,,,,,,,
IIF,,Y,Y,Y,Y,Money,,0,0,0,0,Premium Variables\Core Totals Tax IIF,Y,3,Value 1,22.5,22.5,50,50,Value 2,20,20,40,40,
IIF_MUAdj,,Y,Y,Y,Y,Percentage,,'IIF_RevAdj'/'VEHNET','IIF_RevAdj'/'VEHNET','IIF_RevAdj'/'VEHNET','IIF_RevAdj'/'VEHNET',Premium Variables\Core Totals Tax IIF,Y,,,,,,,,,,,,
IIF_MUAdj (Post Discount),,Y,Y,Y,Y,Percentage,,'IIF_RevAdj (Post Discount)'/'VEHNET','IIF_RevAdj (Post Discount)'/'VEHNET','IIF_RevAdj (Post Discount)'/'VEHNET','IIF_RevAdj (Post Discount)'/'VEHNET',Premium Variables\Core Totals Tax IIF,Y,,,,,,,,,,,,
IIF_RevAdj,,Y,Y,Y,Y,Money,,"(MIN(MAX(('Margin Parameter'+'Premier Com')*'BLDNET'/'VEHNET', 0), 'IIF'/(1+'IPT'))+MIN(MAX(('Margin Parameter'+'Premier Com')*'CNTNET'/'VEHNET', 0), 'IIF'/(1+'IPT')))*'IPT'","(MIN(MAX(('Margin Parameter'+'Premier Com')*'BLDNET'/'VEHNET', 0), 'IIF'/(1+'IPT'))+MIN(MAX(('Margin Parameter'+'Premier Com')*'CNTNET'/'VEHNET', 0), 'IIF'/(1+'IPT')))*'IPT'","MIN(MAX('Margin Parameter'+'Premier Com', 0), 'IIF'/(1+'IPT'))*'IPT'","MIN(MAX('Margin Parameter'+'Premier Com', 0), 'IIF'/(1+'IPT'))*'IPT'",Premium Variables\Core Totals Tax IIF,Y,2,No Premier,"(MIN(MAX('Margin Parameter'*'BLDNET'/'VEHNET', 0), 'IIF'/(1+'IPT'))+MIN(MAX('Margin Parameter'*'CNTNET'/'VEHNET', 0), 'IIF'/(1+'IPT')))*'IPT'","(MIN(MAX('Margin Parameter'*'BLDNET'/'VEHNET', 0), 'IIF'/(1+'IPT'))+MIN(MAX('Margin Parameter'*'CNTNET'/'VEHNET', 0), 'IIF'/(1+'IPT')))*'IPT'","MIN(MAX('Margin Parameter', 0), 'IIF'/(1+'IPT'))*'IPT'","MIN(MAX('Margin Parameter', 0), 'IIF'/(1+'IPT'))*'IPT'",,,,,,
IIF_RevAdj (Post Discount),,Y,Y,Y,Y,Money,,"(MIN(MAX(('Margin Parameter'-'Discount'+'Premier Com')*'BLDNET'/'VEHNET', 0), 'IIF'/(1+'IPT'))+MIN(MAX(('Margin Parameter'-'Discount'+'Premier Com')*'CNTNET'/'VEHNET', 0), 'IIF'/(1+'IPT')))*'IPT'","(MIN(MAX(('Margin Parameter'-'Discount'+'Premier Com')*'BLDNET'/'VEHNET', 0), 'IIF'/(1+'IPT'))+MIN(MAX(('Margin Parameter'-'Discount'+'Premier Com')*'CNTNET'/'VEHNET', 0), 'IIF'/(1+'IPT')))*'IPT'","MIN(MAX('Margin Parameter'-'Discount'+'Premier Com', 0), 'IIF'/(1+'IPT'))*'IPT'","MIN(MAX('Margin Parameter'-'Discount'+'Premier Com', 0), 'IIF'/(1+'IPT'))*'IPT'",Premium Variables\Core Totals Tax IIF,Y,2,No Premier,"(MIN(MAX(('Margin Parameter'-'Discount')*'BLDNET'/'VEHNET', 0), 'IIF'/(1+'IPT'))+MIN(MAX(('Margin Parameter'-'Discount')*'CNTNET'/'VEHNET', 0), 'IIF'/(1+'IPT')))*'IPT'","(MIN(MAX(('Margin Parameter'-'Discount')*'BLDNET'/'VEHNET', 0), 'IIF'/(1+'IPT'))+MIN(MAX(('Margin Parameter'-'Discount')*'CNTNET'/'VEHNET', 0), 'IIF'/(1+'IPT')))*'IPT'","MIN(MAX('Margin Parameter'-'Discount', 0), 'IIF'/(1+'IPT'))*'IPT'","MIN(MAX('Margin Parameter'-'Discount', 0), 'IIF'/(1+'IPT'))*'IPT'",,,,,,
IPT,,Y,Y,Y,Y,Percentage,,'Misc_TaxRate','Misc_TaxRate','Misc_TaxRate','Misc_TaxRate',Premium Variables\Core Totals Tax IIF,Y,,,,,,,,,,,,
MARKUP,,Y,Y,Y,Y,Percentage,,'VEHCOM'/'VEHNET','VEHCOM'/'VEHNET','VEHCOM'/'VEHNET','VEHCOM'/'VEHNET',Premium Variables\Core Totals Tax IIF,Y,,,,,,,,,,,,
MARKUP (Post Discount),,Y,Y,Y,Y,Percentage,,('VEHCOM'-'Discount')/'VEHNET',('VEHCOM'-'Discount')/'VEHNET',('VEHCOM'-'Discount')/'VEHNET',('VEHCOM'-'Discount')/'VEHNET',Premium Variables\Core Totals Tax IIF,Y,,,,,,,,,,,,
PRMDIF,,Y,Y,Y,Y,Percentage,,('TOTPRM'-'PRVPRM')/'PRVPRM',('TOTPRM'-'PRVPRM')/'PRVPRM',('TOTPRM'-'PRVPRM')/'PRVPRM',('TOTPRM'-'PRVPRM')/'PRVPRM',Premium Variables\Core Totals Tax IIF,Y,,,,,,,,,,,,
PRMDIF Absolute,,Y,Y,Y,Y,Real,,('TOTPRM'-'PRVPRM'),('TOTPRM'-'PRVPRM'),('TOTPRM'-'PRVPRM'),('TOTPRM'-'PRVPRM'),Premium Variables\Core Totals Tax IIF,Y,,,,,,,,,,,,
PRMDIF Exc Tax,,Y,Y,Y,Y,Percentage,,('Quote_TotalNetPremium'+'Quote_TotalCommission'+'VEHCOM')/('PRVNET'+'PRVCOM')-1,('Quote_TotalNetPremium'+'Quote_TotalCommission'+'VEHCOM')/('PRVNET'+'PRVCOM')-1,('Quote_TotalNetPremium'+'Quote_TotalCommission'+'VEHCOM')/('PRVNET'+'PRVCOM')-1,('Quote_TotalNetPremium'+'Quote_TotalCommission'+'VEHCOM')/('PRVNET'+'PRVCOM')-1,Premium Variables\Core Totals Tax IIF,Y,,,,,,,,,,,,
PRMDIF For T0 Discounts,,,Y,,Y,Percentage,,0,'TOTPRM'/('PRVNET'{}+'PRVCOM'{}+'Policy_TotalTax'{})-1,0,'TOTPRM'/('PRVNET'{}+'PRVCOM'{}+'Policy_TotalTax'{})-1,Premium Variables\Core Totals Tax IIF,Y,,,,,,,,,,,,
PRVMARKUP,,Y,Y,Y,Y,Percentage,,'PRVVHC'/'PRVVHN','PRVVHC'/'PRVVHN','PRVVHC'/'PRVVHN','PRVVHC'/'PRVVHN',Premium Variables\Core Totals Tax IIF,Y,,,,,,,,,,,,
PRVPRM,,Y,Y,Y,Y,Money,,('PRVNET'+'PRVCOM'+'Policy_TotalTax'),('PRVNET'+'PRVCOM'+'Policy_TotalTax'),('PRVNET'+'PRVCOM'+'Policy_TotalTax'),('PRVNET'+'PRVCOM'+'Policy_TotalTax'),Premium Variables\Core Totals Tax IIF,Y,,,,,,,,,,,,
PRVVEHPRM,,Y,Y,Y,Y,Money,,'PRVVHC'+'PRVVHN','PRVVHC'+'PRVVHN','PRVVHC'+'PRVVHN','PRVVHC'+'PRVVHN',Premium Variables\Core Totals Tax IIF,Y,,,,,,,,,,,,
Tax_Current,,Y,Y,Y,Y,Money,,"'IPT'*(MAX('VEHPRM'+'Premier Prm','VEHNET'+'Premier Net')+MAX('HEAPRM','HEANET')+MAX('KEYPRM','Keycare Net')+MAX('LGLPRM','Legal Net')+MAX('OTHPRM','OTHNET'))","'IPT'*(MAX('VEHPRM'+'Premier Prm','VEHNET'+'Premier Net')+MAX('HEAPRM','HEANET')+MAX('KEYPRM','Keycare Net')+MAX('LGLPRM','Legal Net')+MAX('OTHPRM','OTHNET'))","'IPT'*(MAX('VEHPRM'+'Premier Prm','VEHNET'+'Premier Net')+MAX('BRKPRM','Break Net')+MAX('GRCPRM','GRC Net')+MAX('KEYPRM','Keycare Net')+MAX('LGLPRM','Legal Net')+MAX('ToolsCover Prm','ToolsCover Net')+MAX('OTHPRM','OTHNET'))","'IPT'*(MAX('VEHPRM'+'Premier Prm','VEHNET'+'Premier Net')+MAX('BRKPRM','Break Net')+MAX('GRCPRM','GRC Net')+MAX('KEYPRM','Keycare Net')+MAX('LGLPRM','Legal Net')+MAX('ToolsCover Prm','ToolsCover Net')+MAX('OTHPRM','OTHNET'))",Premium Variables\Core Totals Tax IIF,Y,2,No Premier,"'IPT'*(MAX('VEHPRM','VEHNET')+MAX('HEAPRM','HEANET')+MAX('KEYPRM','Keycare Net')+MAX('LGLPRM','Legal Net')+MAX('OTHPRM','OTHNET'))","'IPT'*(MAX('VEHPRM','VEHNET')+MAX('HEAPRM','HEANET')+MAX('KEYPRM','Keycare Net')+MAX('LGLPRM','Legal Net')+MAX('OTHPRM','OTHNET'))","'IPT'*(MAX('VEHPRM','VEHNET')+MAX('BRKPRM','Break Net')+MAX('GRCPRM','GRC Net')+MAX('KEYPRM','Keycare Net')+MAX('LGLPRM','Legal Net')+MAX('ToolsCover Prm','ToolsCover Net')+MAX('OTHPRM','OTHNET'))","'IPT'*(MAX('VEHPRM','VEHNET')+MAX('BRKPRM','Break Net')+MAX('GRCPRM','GRC Net')+MAX('KEYPRM','Keycare Net')+MAX('LGLPRM','Legal Net')+MAX('ToolsCover Prm','ToolsCover Net')+MAX('OTHPRM','OTHNET'))",,,,,,
Tax_Current (Post Discount),,Y,Y,Y,Y,Money,,"'IPT'*(MAX('VEHPRM'-'Discount'+'Premier Prm','VEHNET'+'Premier Net')+MAX('HEAPRM','HEANET')+MAX('KEYPRM','Keycare Net')+MAX('LGLPRM','Legal Net')+MAX('OTHPRM','OTHNET'))","'IPT'*(MAX('VEHPRM'-'Discount'+'Premier Prm','VEHNET'+'Premier Net')+MAX('HEAPRM','HEANET')+MAX('KEYPRM','Keycare Net')+MAX('LGLPRM','Legal Net')+MAX('OTHPRM','OTHNET'))","'IPT'*(MAX('VEHPRM'-'Discount'+'Premier Prm','VEHNET'+'Premier Net')+MAX('BRKPRM','Break Net')+MAX('GRCPRM','GRC Net')+MAX('KEYPRM','Keycare Net')+MAX('LGLPRM','Legal Net')+MAX('ToolsCover Prm','ToolsCover Net')+MAX('OTHPRM','OTHNET'))","'IPT'*(MAX('VEHPRM'-'Discount'+'Premier Prm','VEHNET'+'Premier Net')+MAX('BRKPRM','Break Net')+MAX('GRCPRM','GRC Net')+MAX('KEYPRM','Keycare Net')+MAX('LGLPRM','Legal Net')+MAX('ToolsCover Prm','ToolsCover Net')+MAX('OTHPRM','OTHNET'))",Premium Variables\Core Totals Tax IIF,Y,2,No Premier,"'IPT'*(MAX('VEHPRM'-'Discount','VEHNET')+MAX('HEAPRM','HEANET')+MAX('KEYPRM','Keycare Net')+MAX('LGLPRM','Legal Net')+MAX('OTHPRM','OTHNET'))","'IPT'*(MAX('VEHPRM'-'Discount','VEHNET')+MAX('HEAPRM','HEANET')+MAX('KEYPRM','Keycare Net')+MAX('LGLPRM','Legal Net')+MAX('OTHPRM','OTHNET'))","'IPT'*(MAX('VEHPRM'-'Discount','VEHNET')+MAX('BRKPRM','Break Net')+MAX('GRCPRM','GRC Net')+MAX('KEYPRM','Keycare Net')+MAX('LGLPRM','Legal Net')+MAX('ToolsCover Prm','ToolsCover Net')+MAX('OTHPRM','OTHNET'))","'IPT'*(MAX('VEHPRM'-'Discount','VEHNET')+MAX('BRKPRM','Break Net')+MAX('GRCPRM','GRC Net')+MAX('KEYPRM','Keycare Net')+MAX('LGLPRM','Legal Net')+MAX('ToolsCover Prm','ToolsCover Net')+MAX('OTHPRM','OTHNET'))",,,,,,
TOTPRM,"Simpler Formula gives Identical Model Parameters and Correct VEHCOM Sensitivity in Pricing Behaviour of Total_Tax, but Incorrect VEHCOM Sensitivity in Modelling Single Profile View, (Quote_TotalCommission must be Add-Ons only)",Y,Y,Y,Y,Money,,('Quote_TotalNetPremium'+'Quote_TotalCommission'+'VEHCOM'+'Quote_AddOnTax'+'VEHTAX'),('Quote_TotalNetPremium'+'Quote_TotalCommission'+'VEHCOM'+'Quote_AddOnTax'+'VEHTAX'),('Quote_TotalNetPremium'+'Quote_TotalCommission'+'VEHCOM'+'Quote_AddOnTax'+'VEHTAX'),('Quote_TotalNetPremium'+'Quote_TotalCommission'+'VEHCOM'+'Quote_AddOnTax'+'VEHTAX'),Premium Variables\Core Totals Tax IIF,Y,2,Simpler (Can Use MUST Read Parameter Comment),('Quote_TotalNetPremium'+'Quote_TotalCommission'+'VEHCOM'+'Quote_Total_Tax'),('Quote_TotalNetPremium'+'Quote_TotalCommission'+'VEHCOM'+'Quote_Total_Tax'),('Quote_TotalNetPremium'+'Quote_TotalCommission'+'VEHCOM'+'Quote_Total_Tax'),('Quote_TotalNetPremium'+'Quote_TotalCommission'+'VEHCOM'+'Quote_Total_Tax'),,,,,,
TOTPRM (Post Discount),,Y,Y,Y,Y,Money,,('Quote_TotalNetPremium'+'Quote_TotalCommission'+'VEHCOM'-'Discount'+'Tax_Current (Post Discount)'),('Quote_TotalNetPremium'+'Quote_TotalCommission'+'VEHCOM'-'Discount'+'Tax_Current (Post Discount)'),('Quote_TotalNetPremium'+'Quote_TotalCommission'+'VEHCOM'-'Discount'+'Tax_Current (Post Discount)'),('Quote_TotalNetPremium'+'Quote_TotalCommission'+'VEHCOM'-'Discount'+'Tax_Current (Post Discount)'),Premium Variables\Core Totals Tax IIF,Y,,,,,,,,,,,,
VAT,,Y,Y,Y,Y,Percentage,,0.2,0.2,0.2,0.2,Premium Variables\Core Totals Tax IIF,Y,,,,,,,,,,,,
VEHPRM,,Y,Y,Y,Y,Money,,'VEHNET'+'VEHCOM','VEHNET'+'VEHCOM','VEHNET'+'VEHCOM','VEHNET'+'VEHCOM',Premium Variables\Core Totals Tax IIF,Y,,,,,,,,,,,,
VEHTAX,,Y,Y,Y,Y,Money,,"'IPT'*MAX('VEHPRM','VEHNET')","'IPT'*MAX('VEHPRM','VEHNET')","'IPT'*MAX('VEHPRM','VEHNET')","'IPT'*MAX('VEHPRM','VEHNET')",Premium Variables\Core Totals Tax IIF,Y,,,,,,,,,,,,
VEHTOTPRM,,Y,Y,Y,Y,Money,,'VEHPRM'+'VEHTAX','VEHPRM'+'VEHTAX','VEHPRM'+'VEHTAX','VEHPRM'+'VEHTAX',Premium Variables\Core Totals Tax IIF,Y,,,,,,,,,,,,
IF_BeatByAPenny,,Y,Y,Y,Y,Real,,0,0,0,0,Return Parameters,Y,,,,,,,,,,,,
IF_Difference,,Y,Y,Y,Y,Real,,0,0,0,0,Return Parameters,Y,,,,,,,,,,,,
IF_Rule,,Y,Y,Y,Y,Real,,0,0,0,0,Return Parameters,Y,,,,,,,,,,,,
Loads,,Y,Y,Y,Y,Real,,0,0,0,0,Return Parameters,Y,,,,,,,,,,,,
Post Caps and Floors,,Y,Y,Y,Y,Real,,0,0,0,0,Return Parameters,Y,,,,,,,,,,,,
RAF,,Y,Y,Y,Y,Real,,0,0,0,0,Return Parameters,Y,,,,,,,,,,,,
CancDebt_BADFEE (review per sale),,Y,Y,Y,Y,Money,,'Cancellation Rate'*'CancDebt_BADFEE','Cancellation Rate'*'CancDebt_BADFEE','Cancellation Rate'*'CancDebt_BADFEE','Cancellation Rate'*'CancDebt_BADFEE',Review Variables,Y,,,,,,,,,,,,
CancDebt_BADPRM (review per sale),,Y,Y,Y,Y,Money,,'Cancellation Rate'*'CancDebt_BADPRM','Cancellation Rate'*'CancDebt_BADPRM','Cancellation Rate'*'CancDebt_BADPRM','Cancellation Rate'*'CancDebt_BADPRM',Review Variables,Y,,,,,,,,,,,,
CancDebt_CRD (review per sale),,Y,Y,Y,Y,Money,,'Cancellation Rate'*'CancDebt_CRD','Cancellation Rate'*'CancDebt_CRD','Cancellation Rate'*'CancDebt_CRD','Cancellation Rate'*'CancDebt_CRD',Review Variables,Y,,,,,,,,,,,,
Cancellation Debt (review per sale),,Y,Y,Y,Y,Money,,'Cancellation Rate'*('CancDebt_BADFEE' + 'CancDebt_BADPRM' + 'CancDebt_CRD') ,'Cancellation Rate'*('CancDebt_BADFEE' + 'CancDebt_BADPRM' + 'CancDebt_CRD') ,'Cancellation Rate'*('CancDebt_BADFEE' + 'CancDebt_BADPRM' + 'CancDebt_CRD') ,'Cancellation Rate'*('CancDebt_BADFEE' + 'CancDebt_BADPRM' + 'CancDebt_CRD') ,Review Variables,Y,,,,,,,,,,,,
Cancellation Fees (review per sale),,Y,Y,Y,Y,Money,,'Cancellation Rate'*'CancFeeExcDebt','Cancellation Rate'*'CancFeeExcDebt','Cancellation Rate'*'CancFeeExcDebt','Cancellation Rate'*'CancFeeExcDebt',Review Variables,Y,,,,,,,,,,,,
CancIncome_Other (review per sale),,Y,Y,Y,Y,Money,,'Cancellation Rate'*'CancIncome_Other','Cancellation Rate'*'CancIncome_Other','Cancellation Rate'*'CancIncome_Other','Cancellation Rate'*'CancIncome_Other',Review Variables,Y,,,,,,,,,,,,
Demand,,Y,Y,Y,Y,Percentage,,"IF('E'=0, 'Origination Demand', 'Renewal Demand')","IF('E'=0, 'Origination Demand', 'Renewal Demand')","IF('E'=0, 'Origination Demand', 'Renewal Demand')","IF('E'=0, 'Origination Demand', 'Renewal Demand')",Review Variables,Y,,,,,,,,,,,,
Franchise,,Y,Y,Y,Y,Percentage,,0,0,0,0,Review Variables,Y,,,,,,,,,,,,
Instalment Cancellations (review per sale),,Y,Y,Y,Y,Real,,'Cancellation Rate'*'Instalment Proportion','Cancellation Rate'*'Instalment Proportion','Cancellation Rate'*'Instalment Proportion',Cancellation Rate'*'Instalment Proportion',Review Variables,Y,,,,,,,,,,,,
IPP(Offered),,Y,Y,Y,Y,Money,,'Margin Parameter'+'ADDON_COM'+'INSCOM'+'IIF_RevAdj','Margin Parameter'+'ADDON_COM'+'INSCOM'+'IIF_RevAdj','Margin Parameter'+'ADDON_COM'+'INSCOM'+'IIF_RevAdj','Margin Parameter'+'ADDON_COM'+'INSCOM'+'IIF_RevAdj',Review Variables,Y,,,,,,,,,,,,
IPP(Sold),,Y,Y,Y,Y,Money,,'Margin Parameter'+'ADDON_COM'+'INSCOM (Post Discount)'+'IIF_RevAdj (Post Discount)'-'Discount','Margin Parameter'+'ADDON_COM'+'INSCOM (Post Discount)'+'IIF_RevAdj (Post Discount)'-'Discount','Margin Parameter'+'ADDON_COM'+'INSCOM (Post Discount)'+'IIF_RevAdj (Post Discount)'-'Discount','Margin Parameter'+'ADDON_COM'+'INSCOM (Post Discount)'+'IIF_RevAdj (Post Discount)'-'Discount',Review Variables,Y,,,,,,,,,,,,
IPP(Sold) x Demand,,Y,Y,Y,Y,Real,,'IPP(Sold)'*'Demand','IPP(Sold)'*'Demand','IPP(Sold)'*'Demand','IPP(Sold)'*'Demand',Review Variables,Y,,,,,,,,,,,,
IPP(Written),,Y,Y,Y,Y,Money,,'Margin Parameter'+'ADDON_COM_Refundable'+'ADDON_COM_Non-Refundable'*'NRA'+'INSCOM (Post Discount)'+'IIF_RevAdj (Post Discount)'-'Discount','Margin Parameter'+'ADDON_COM_Refundable'+'ADDON_COM_Non-Refundable'*'NRA'+'INSCOM (Post Discount)'+'IIF_RevAdj (Post Discount)'-'Discount','Margin Parameter'+'ADDON_COM_Refundable'+'ADDON_COM_Non-Refundable'*'NRA'+'INSCOM (Post Discount)'+'IIF_RevAdj (Post Discount)'-'Discount','Margin Parameter'+'ADDON_COM_Refundable'+'ADDON_COM_Non-Refundable'*'NRA'+'INSCOM (Post Discount)'+'IIF_RevAdj (Post Discount)'-'Discount',Review Variables,Y,,,,,,,,,,,,
NRA,"Non Refundable Adjustment, to be applied as a Multiplier to correctly calculate Average Written values for Non Refundable items in Pricing Templates.",Y,Y,Y,Y,Real,,1/(1-'Cancellation Rate'*'Refund Proportion'),1/(1-'Cancellation Rate'*'Refund Proportion'),1/(1-'Cancellation Rate'*'Refund Proportion'),1/(1-'Cancellation Rate'*'Refund Proportion'),Review Variables,Y,,,,,,,,,,,,
Pricing Tenure,"To help apply DISC Caps consistently ('CE'=0 is New Business Pricing, 'CE'=1 is Renewal Pricing for All Time Periods)",Y,Y,Y,Y,Integer,,"IF('CE'=0, 'RNWCNT', 'RNWCNT'+1)","IF('CE'=0, 'RNWCNT', 'RNWCNT'+1)","IF('CE'=0, 'RNWCNT', 'RNWCNT'+1)","IF('CE'=0, 'RNWCNT', 'RNWCNT'+1)",Review Variables,Y,,,,,,,,,,,,
Review NRI,To report actual not modelled NRI for T0 Renewals,Y,Y,Y,Y,Percentage,,('VEHNET'/'PRVVHN'-1),('VEHNET'/'PRVVHN'-1),('VEHNET'/'PRVVHN'-1),('VEHNET'/'PRVVHN'-1),Review Variables,Y,,,,,,,,,,,,
Review YOY MU,,Y,Y,Y,Y,Percentage,,'MARKUP'-'PRVMARKUP','MARKUP'-'PRVMARKUP','MARKUP'-'PRVMARKUP','MARKUP'-'PRVMARKUP',Review Variables,Y,,,,,,,,,,,,
SUM,,Y,Y,Y,Y,Real,,1,1,1,1,Review Variables,Y,,,,,,,,,,,,
T0_MARKUP_Change,,Y,Y,Y,Y,Percentage,,'MARKUP'-'T0_Margin_Parameter'/'VEHNET'{},'MARKUP'-'T0_Margin_Parameter'/'VEHNET'{},'MARKUP'-'T0_Margin_Parameter'/'VEHNET'{},'MARKUP'-'T0_Margin_Parameter'/'VEHNET'{},Review Variables,Y,,,,,,,,,,,,
T-1_MARKUP_Change,,,Y,,Y,Percentage,,,'MARKUP'-'PRVVHC'{}/'PRVVHN'{},,'MARKUP'-'PRVVHC'{}/'PRVVHN'{},Review Variables,Y,,,,,,,,,,,,
"Discount T=0 (inc PRMDIF, LastYearInfo)","Use PRMDIF For T0 Discounts, Last Years Information includes CLAIMS, CVPF, MTA, SSCNLI etc.",,Y,,Y,Percentage,,0,0,0,0,Split Models\Discount,Y,,,,,,,,,,,,
"Discount T>0 (exc PRMDIF, LastYearInfo)","Last Years Information includes CLAIMS, CVPF, MTA, SSCNLI etc.",Y,Y,Y,Y,Percentage,,0,0,0,0,Split Models\Discount,Y,,,,,,,,,,,,
MTC T=0 (inc LastYearInfo),"Last Years Information includes CLAIMS, CVPF, MTA, SSCNLI etc.",,Y,,Y,Percentage,,0,0,0,0,Split Models\MTC,Y,,,,,,,,,,,,
MTC T>0 (exc LastYearInfo),"Last Years Information includes CLAIMS, CVPF, MTA, SSCNLI etc.",,Y,,Y,Percentage,,0,0,0,0,Split Models\MTC,Y,,,,,,,,,,,,
MTC Ten=0 (exc LastYearInfo),"Last Years Information includes Prior Commission, Net, Tax for PRMDIF.",Y,,Y,,Percentage,,0,0,0,0,Split Models\MTC,Y,,,,,,,,,,,,
MTC Ten>0 (inc LastYearInfo),"Last Years Information includes Prior Commission, Net, Tax for PRMDIF.",Y,,Y,,Percentage,,0,0,0,0,Split Models\MTC,Y,,,,,,,,,,,,
NCR Buildings,,Y,,,,Percentage,,1,1,1,1,Split Models\NCR,Y,,,,,,,,,,,,
NCR Buildings & Combined,,Y,,,,Percentage,,1,1,1,1,Split Models\NCR,Y,,,,,,,,,,,,
NCR Buildings & Contents,,Y,,,,Percentage,,1,1,1,1,Split Models\NCR,Y,,,,,,,,,,,,
NCR Combined,,Y,,,,Percentage,,1,1,1,1,Split Models\NCR,Y,,,,,,,,,,,,
NCR Contents,,Y,,,,Percentage,,1,1,1,1,Split Models\NCR,Y,,,,,,,,,,,,
NCR Elasticity Segments,,Y,,Y,,Percentage,,1,1,1,1,Split Models\NCR,Y,,,,,,,,,,,,
Offset,,Y,,Y,,Real,,LN((0.75*0.02)/(0.25*(1-0.02))),0,LN((0.75*0.02)/(0.25*(1-0.02))),0,Split Models\NCR,Y,,,,,,,,,,,,
NRR Elasticity Segments,,Y,Y,Y,Y,Percentage,,1,1,1,1,Split Models\NRR,Y,,,,,,,,,,,,
NRR T=0 (inc LastYearInfo),"Last Years Information includes CLAIMS, CVPF, MTA, SSCNLI etc.",,Y,,Y,Percentage,,1,1,1,1,Split Models\NRR,Y,,,,,,,,,,,,
NRR T>0 (exc LastYearInfo),"Last Years Information includes CLAIMS, CVPF, MTA, SSCNLI etc.",,Y,,Y,Percentage,,1,1,1,1,Split Models\NRR,Y,,,,,,,,,,,,
Breakdown,,,,Y,,Percentage,,0,0,0,0,Sub-Models\AddOns,Y,,,,,,,,,,,,
Breakdown_Pen,,,,Y,Y,Percentage,,0,0,'Breakdown'*(1-'Premier_Pen'),"('BRKFLG'=""Y"")",Sub-Models\AddOns,Y,,,,,,,,,,,,
GRC,,,,Y,,Percentage,,0,0,0,0,Sub-Models\AddOns,Y,,,,,,,,,,,,
GRC_Pen,,,,Y,Y,Percentage,,0,0,"NOT(ONEOF('LICTYP',""3"",""0""))*'GRC'*(1-'Premier_Pen')","('GRCFLG'=""Y"")",Sub-Models\AddOns,Y,,,,,,,,,,,,
HEA,,Y,,,,Percentage,,0,0,0,0,Sub-Models\AddOns,Y,,,,,,,,,,,,
HEA_Pen,,Y,Y,,,Percentage,,"ONEOF('OWNSTS',""03"",""3"")*'HEA'*(1-'Premier_Pen')","('HMAFLG'=""Y"")",0,0,Sub-Models\AddOns,Y,,,,,,,,,,,,
Keycare,,Y,,Y,,Percentage,,0,0,0,0,Sub-Models\AddOns,Y,,,,,,,,,,,,
Keycare_Pen,,Y,Y,Y,Y,Percentage,,'Keycare'*(1-'Premier_Pen'),"('KEYFLG'=""Y"")",'Keycare'*(1-'Premier_Pen'),"('KEYFLG'=""Y"")",Sub-Models\AddOns,Y,,,,,,,,,,,,
Legal,,Y,,Y,,Percentage,,0,0,0,0,Sub-Models\AddOns,Y,,,,,,,,,,,,
Legal_Pen,,Y,Y,Y,Y,Percentage,,'Legal'*(1-'Premier_Pen'),"('LGLFLG'=""Y"")",'Legal'*(1-'Premier_Pen'),"('LGLFLG'=""Y"")",Sub-Models\AddOns,Y,,,,,,,,,,,,
PAC,,,,Y,,Percentage,,0,0,0,0,Sub-Models\AddOns,Y,,,,,,,,,,,,
Other_Pen,,Y,Y,Y,Y,Percentage,,0,"OR( ABS('OTHCOM')>=0.01, ABS('OTHNET')>=0.01)",0,"OR( ABS('OTHCOM')>=0.01, ABS('OTHNET')>=0.01)",Sub-Models\AddOns,Y,2,PAC,,,"AND('Client_Age Year1' >=18, 'Client_Age' <=69)*'PAC'",,,,,,,
Premier,,Y,,Y,,Percentage,,0,0,0,0,Sub-Models\AddOns,Y,,,,,,,,,,,,
Premier_Pen,,Y,Y,Y,Y,Percentage,,'Premier',0,'Premier',0,Sub-Models\AddOns,Y,,,,,,,,,,,,
ProtectedNCD,,,,Y,,Percentage,,0,0,0,0,Sub-Models\AddOns,Y,,,,,,,,,,,,
ProtectedNCD_Pen,,,,Y,Y,Percentage,,0,0,('NCD Year1' >=4)*'ProtectedNCD',"('PRONCD'=""Y"")",Sub-Models\AddOns,Y,,,,,,,,,,,,
TOOLS_COVER,,,,Y,,Percentage,,0,0,0,0,Sub-Models\AddOns,Y,,,,,,,,,,,,
TOOLS_COVER_Pen,,,,Y,Y,Percentage,,0,0,'TOOLS_COVER',0,Sub-Models\AddOns,Y,2,VanTools,,,,"('TOOLSFLG'=""Y"")",,,,,,
BADFEE,,Y,Y,Y,Y,Percentage,,0,0,0,0,Sub-Models\CancDebt,Y,,,,,,,,,,,,
BADPRM,,Y,Y,Y,Y,Percentage,,0,0,0,0,Sub-Models\CancDebt,Y,,,,,,,,,,,,
CancDebt_BADFEE,,Y,Y,Y,Y,Money,,1.0*'CancFeeExcDebt'*'Instalment Proportion'*'BADFEE',1.0*'CancFeeExcDebt'*'Instalment Proportion'*'BADFEE',1.0*'CancFeeExcDebt'*'Instalment Proportion'*'BADFEE',1.0*'CancFeeExcDebt'*'Instalment Proportion'*'BADFEE',Sub-Models\CancDebt,Y,,,,,,,,,,,,
CancDebt_BADPRM,,Y,Y,Y,Y,Money,,0.5*'TOTPRM (Post Discount)'*'Instalment Proportion'*'BADPRM',0.5*'TOTPRM (Post Discount)'*'Instalment Proportion'*'BADPRM',0.5*'TOTPRM (Post Discount)'*'Instalment Proportion'*'BADPRM',0.5*'TOTPRM (Post Discount)'*'Instalment Proportion'*'BADPRM',Sub-Models\CancDebt,Y,,,,,,,,,,,,
CancDebt_CRD,,Y,Y,Y,Y,Money,,0.0*'VEHNET'*'Instalment Proportion'*'Claims Revision Due',0.0*'VEHNET'*'Instalment Proportion'*'Claims Revision Due',0.5*'VEHNET'*'Instalment Proportion'*'Claims Revision Due',0.5*'VEHNET'*'Instalment Proportion'*'Claims Revision Due',Sub-Models\CancDebt,Y,,,,,,,,,,,,
CancFeeExcDebt,,Y,Y,Y,Y,Money,,50,50,50,50,Sub-Models\CancDebt,Y,,,,,,,,,,,,
CancIncome_Other,,Y,Y,Y,Y,Money,,'OtherIncome_PerInstalCanc'*'Instalment Proportion','OtherIncome_PerInstalCanc'*'Instalment Proportion','OtherIncome_PerInstalCanc'*'Instalment Proportion','OtherIncome_PerInstalCanc'*'Instalment Proportion',Sub-Models\CancDebt,Y,,,,,,,,,,,,
Claims Revision Due,,Y,Y,Y,Y,Percentage,,0,0,0,0,Sub-Models\CancDebt,Y,,,,,,,,,,,,
OtherIncome_PerInstalCanc,,Y,Y,Y,Y,Money,,0,0,0,0,Sub-Models\CancDebt,Y,,,,,,,,,,,,
DISCNT,,Y,Y,Y,Y,Percentage,,"('T'>0)*'Discount T>0 (exc PRMDIF, LastYearInfo)'","IF('T'=0, 'Discount T=0 (inc PRMDIF, LastYearInfo)', 'Discount T>0 (exc PRMDIF, LastYearInfo)')","('T'>0)*'Discount T>0 (exc PRMDIF, LastYearInfo)'","IF('T'=0, 'Discount T=0 (inc PRMDIF, LastYearInfo)', 'Discount T>0 (exc PRMDIF, LastYearInfo)')",Sub-Models\Discounts,Y,,,,,,,,,,,,
Discount,,Y,Y,Y,Y,Money,,"('E'=1)*'DISCNT'*MIN(MAX('DISPER', 0), 1)*'Discount (Available up to Floor)'","('E'=1)*'DISCNT'*MIN(MAX('DISPER', 0), 1)*'Discount (Available up to Floor)'","('E'=1)*'DISCNT'*MIN(MAX('DISPER', 0), 1)*'Discount (Available up to Floor)'","('E'=1)*'DISCNT'*MIN(MAX('DISPER', 0), 1)*'Discount (Available up to Floor)'",Sub-Models\Discounts,Y,2,Old Yr1RNW,"AND('T'=0, 'CE'=1)*'DISCNT'*MIN(MAX('DISPER', 0), 1)*'Discount (Available up to Floor)'","AND('T'=0, 'CE'=1)*'DISCNT'*MIN(MAX('DISPER', 0), 1)*'Discount (Available up to Floor)'","AND('T'=0, 'CE'=1)*'DISCNT'*MIN(MAX('DISPER', 0), 1)*'Discount (Available up to Floor)'","AND('T'=0, 'CE'=1)*'DISCNT'*MIN(MAX('DISPER', 0), 1)*'Discount (Available up to Floor)'",,,,,,
Discount (Available up to Floor),,Y,Y,Y,Y,Money,,"MAX('Margin Parameter'+'ADDON_COM',0)","MAX('Margin Parameter'+'ADDON_COM',0)","MAX('Margin Parameter'+'ADDON_COM',0)","MAX('Margin Parameter'+'ADDON_COM',0)",Sub-Models\Discounts,Y,3,No Addons,"MAX('Margin Parameter'+'Premier Com',0)","MAX('Margin Parameter'+'Premier Com',0)","MAX('Margin Parameter'+'Premier Com',0)","MAX('Margin Parameter'+'Premier Com',0)",With INSCOM (Before Discount),"MAX('Margin Parameter'+'ADDON_COM'+'INSCOM',0)","MAX('Margin Parameter'+'ADDON_COM'+'INSCOM',0)","MAX('Margin Parameter'+'ADDON_COM'+'INSCOM',0)","MAX('Margin Parameter'+'ADDON_COM'+'INSCOM',0)",
DISPER,,Y,Y,Y,Y,Real,,0,0,0,0,Sub-Models\Discounts,Y,,,,,,,,,,,,
Amendments,,Y,Y,Y,Y,Money,,'EXPMTA'*'MTA_Income','EXPMTA'*'MTA_Income','EXPMTA'*'MTA_Income','EXPMTA'*'MTA_Income',Sub-Models\MTAs,Y,,,,,,,,,,,,
EXPMTA,,Y,Y,Y,Y,Real,,0,0,0,0,Sub-Models\MTAs,Y,,,,,,,,,,,,
MTA_Income,,Y,Y,Y,Y,Money,,25,25,25,25,Sub-Models\MTAs,Y,,,,,,,,,,,,
NETADD,,Y,Y,Y,Y,Real,,0,0,0,0,Sub-Models\NetRates,Y,,,,,,,,,,,,
NETDIF,,Y,Y,Y,Y,Real,,0,0,0,0,Sub-Models\NetRates,Y,,,,,,,,,,,,
NRI,,Y,Y,Y,Y,Real,,'NETDIF'+'NETADD','NETDIF'+'NETADD','NETDIF'+'NETADD','NETDIF'+'NETADD',Sub-Models\NetRates,Y,,,,,,,,,,,,
YOY,,Y,Y,Y,Y,Real,,'YOY_Markup'+'YOY_Add','YOY_Markup'+'YOY_Add','YOY_Markup'+'YOY_Add','YOY_Markup'+'YOY_Add',Sub-Models\YearOnYear,Y,,,,,,,,,,,,
YOY_Add,,Y,Y,Y,Y,Real,,0,0,0,0,Sub-Models\YearOnYear,Y,,,,,,,,,,,,
YOY_Markup,,Y,Y,Y,Y,Real,,0,0,0,0,Sub-Models\YearOnYear,Y,,,,,,,,,,,,
Affinity,,Y,Y,Y,Y,Nominal,,"IF(RIGHT('AFNCDE', 2)=""9A"", ""GOCO"", IF(RIGHT('AFNCDE', 2)=""9M"", ""CTM"", IF(ONEOF(RIGHT('AFNCDE', 2), ""NF"", ""9C""), ""CONF"", IF(ONEOF(RIGHT('AFNCDE', 2), ""9S"", ""SS""), ""MSM"", IF(RIGHT('AFNCDE', 2)=""9K"", ""VAN_INS"", ""X"")))))","IF(RIGHT('AFNCDE', 2)=""9A"", ""GOCO"", IF(RIGHT('AFNCDE', 2)=""9M"", ""CTM"", IF(ONEOF(RIGHT('AFNCDE', 2), ""NF"", ""9C""), ""CONF"", IF(ONEOF(RIGHT('AFNCDE', 2), ""9S"", ""SS""), ""MSM"", IF(RIGHT('AFNCDE', 2)=""9K"", ""VAN_INS"", ""X"")))))","IF(RIGHT('AFNCDE', 2)=""9A"", ""GOCO"", IF(RIGHT('AFNCDE', 2)=""9M"", ""CTM"", IF(ONEOF(RIGHT('AFNCDE', 2), ""NF"", ""9C""), ""CONF"", IF(ONEOF(RIGHT('AFNCDE', 2), ""9S"", ""SS""), ""MSM"", IF(RIGHT('AFNCDE', 2)=""9K"", ""VAN_INS"", ""X"")))))","IF(RIGHT('AFNCDE', 2)=""9A"", ""GOCO"", IF(RIGHT('AFNCDE', 2)=""9M"", ""CTM"", IF(ONEOF(RIGHT('AFNCDE', 2), ""NF"", ""9C""), ""CONF"", IF(ONEOF(RIGHT('AFNCDE', 2), ""9S"", ""SS""), ""MSM"", IF(RIGHT('AFNCDE', 2)=""9K"", ""VAN_INS"", ""X"")))))",Truncated Variables\All Products,Y,,,,,,,,,,,,
Channel,,Y,Y,Y,Y,Nominal,,"IF(ONEOF(RIGHT(LEFT('AFNCDE',3),1),""9"",""N"",""S""),""AGG"",IF('CHNTYP'=""T"",""TELE"",""DIR""))","IF(ONEOF(RIGHT(LEFT('AFNCDE',3),1),""9"",""N"",""S""),""AGG"",IF('CHNTYP'=""T"",""TELE"",""DIR""))","IF(ONEOF(RIGHT(LEFT('AFNCDE',3),1),""9"",""N"",""S""),""AGG"",IF('CHNTYP'=""T"",""TELE"",""DIR""))","IF(ONEOF(RIGHT(LEFT('AFNCDE',3),1),""9"",""N"",""S""),""AGG"",IF('CHNTYP'=""T"",""TELE"",""DIR""))",Truncated Variables\All Products,Y,,,,,,,,,,,,
Days,,Y,Y,Y,Y,Integer,,"MIN(MAX(DAYS_BETWEEN('RTEDAT', 'INPDAT'), 0), 31)","MIN(MAX(DAYS_BETWEEN('RTEDAT', 'INPDAT'), 0), 31)","MIN(MAX(DAYS_BETWEEN('RTEDAT', 'INPDAT'), 0), 31)","MIN(MAX(DAYS_BETWEEN('RTEDAT', 'INPDAT'), 0), 31)",Truncated Variables\All Products,Y,,,,,,,,,,,,
Days_Begin_Month_Inception,,Y,,Y,,Integer,,DAY_OF_MONTH('INPDAT'),0,DAY_OF_MONTH('INPDAT'),0,Truncated Variables\All Products,Y,,,,,,,,,,,,
Days_End_Month_Inception,,Y,,Y,,Integer,,"IF(MONTH('INPDAT')=2, 28, IF(ONEOF(MONTH('INPDAT'), 9, 4, 6, 11), 30, 31))-DAY_OF_MONTH('INPDAT')+1",0,"IF(MONTH('INPDAT')=2, 28, IF(ONEOF(MONTH('INPDAT'), 9, 4, 6, 11), 30, 31))-DAY_OF_MONTH('INPDAT')+1",0,Truncated Variables\All Products,Y,,,,,,,,,,,,
JFScore,,Y,Y,Y,Y,Real,,"IF(RANGE('JF', 440, 650), 'JF', (IF('CR_MATCH'=""D"", 511, (IF('CR_MATCH'=""F"", 499, (IF('CR_MATCH'=""C"", 570, 553)))))))","IF(RANGE('JF', 440, 650), 'JF', (IF('CR_MATCH'=""D"", 511, (IF('CR_MATCH'=""F"", 499, (IF('CR_MATCH'=""C"", 570, 553)))))))","IF(RANGE('JF', 440, 650), 'JF', (IF('CR_MATCH'=""D"", 511, (IF('CR_MATCH'=""F"", 499, (IF('CR_MATCH'=""C"", 570, 553)))))))","IF(RANGE('JF', 440, 650), 'JF', (IF('CR_MATCH'=""D"", 511, (IF('CR_MATCH'=""F"", 499, (IF('CR_MATCH'=""C"", 570, 553)))))))",Truncated Variables\All Products,Y,,,,,,,,,,,,
Requotes,,Y,,Y,,Binary,,"IF(OR(AND('Affinity'=""MSM"", 'Days'=30),AND('Affinity'=""CTM"", 'Days'=29),AND('Affinity'=""CONF"",OR('Days'=21, 'Days'=20, 'Days'=19))), 1, 0)",0,"IF(OR(AND('Affinity'=""MSM"", 'Days'=30),AND('Affinity'=""CTM"", 'Days'=29),AND('Affinity'=""CONF"",OR('Days'=21, 'Days'=20, 'Days'=19))), 1, 0)",0,Truncated Variables\All Products,Y,,,,,,,,,,,,
Seasonal,,,Y,,Y,Nominal,,0,"IF(DAY_OF_WEEK('RNWDAT')=1, ""7SUN"", IF(DAY_OF_WEEK('RNWDAT')=2, ""1MON"", IF(DAY_OF_WEEK('RNWDAT')=3, ""2TUES"", IF(DAY_OF_WEEK('RNWDAT')=4, ""3WED"", IF(DAY_OF_WEEK('RNWDAT')=5, ""4THURS"", IF(DAY_OF_WEEK('RNWDAT')=""6"", ""5FRI"", ""6SAT""))))))",0,"IF(DAY_OF_WEEK('RNWDAT')=1, ""7SUN"", IF(DAY_OF_WEEK('RNWDAT')=2, ""1MON"", IF(DAY_OF_WEEK('RNWDAT')=3, ""2TUES"", IF(DAY_OF_WEEK('RNWDAT')=4, ""3WED"", IF(DAY_OF_WEEK('RNWDAT')=5, ""4THURS"", IF(DAY_OF_WEEK('RNWDAT')=""6"", ""5FRI"", ""6SAT""))))))",Truncated Variables\All Products,Y,,,,,,,,,,,,
SecondCheapestFactor,,Y,Y,Y,Y,Real,,"MIN('SCR', 2.5)","MIN('SCR', 2.5)","MIN('SCR', 2.5)","MIN('SCR', 2.5)",Truncated Variables\All Products,Y,,,,,,,,,,,,
Time_Modelling,,Y,Y,Y,Y,Integer,,'RNWCNT'-'RNWCNT'{},'RNWCNT'-'RNWCNT'{},'RNWCNT'-'RNWCNT'{},'RNWCNT'-'RNWCNT'{},Truncated Variables\All Products,Y,,,,,,,,,,,,
Truncated Age Max,,Y,Y,Y,Y,Integer,,"IF(ONEOF(LEFT('AFNCDE',2),""HL"",""LT"",""SC""), 65, 80)","IF(ONEOF(LEFT('AFNCDE',2),""HL"",""LT"",""SC""), 65, 80)","IF(ONEOF(LEFT('AFNCDE',2),""HL"",""LT"",""SC""), 65, 80)","IF(ONEOF(LEFT('AFNCDE',2),""HL"",""LT"",""SC""), 65, 80)",Truncated Variables\All Products,Y,3,Value 1,65,65,65,65,Value 2,80,80,80,80,
VEHNET Year1,,Y,Y,Y,Y,Real,,'VEHNET'{},'VEHNET'{},'VEHNET'{},'VEHNET'{},Truncated Variables\All Products,Y,,,,,,,,,,,,
Bedrooms,,Y,Y,,,Integer,,"MIN(MAX('NOBEDS', 1), 6)","MIN(MAX('NOBEDS', 1), 6)",0,0,Truncated Variables\Home,Y,,,,,,,,,,,,
Cover,,Y,Y,,,Integer,,"IF(AND('BLDFLG'=""Y"", 'CNTFLG'=""Y""), 1, IF(AND('BLDFLG'=""Y"", 'CNTFLG'=""N""), 2, 3))","IF(AND('BLDFLG'=""Y"", 'CNTFLG'=""Y""), 1, IF(AND('BLDFLG'=""Y"", 'CNTFLG'=""N""), 2, 3))",0,0,Truncated Variables\Home,Y,,,,,,,,,,,,
HomeAge,,Y,Y,,,Integer,,"MIN(MAX('HMEAGE', 0), 200)","MIN(MAX('HMEAGE', 0), 200)",0,0,Truncated Variables\Home,Y,,,,,,,,,,,,
HomeAge Year1,,Y,Y,,,Integer,,"MIN(MAX('HMEAGE'{}, 0), 200)","MIN(MAX('HMEAGE'{}, 0), 200)",,,Truncated Variables\Home,Y,,,,,,,,,,,,
PolicyholderAge,,Y,Y,,,Integer,,"MIN(MAX('PLHAGE', 16), 'Truncated Age Max')","MIN(MAX('PLHAGE', 16), 'Truncated Age Max')",0,0,Truncated Variables\Home,Y,,,,,,,,,,,,
PolicyholderAge Year1,,Y,Y,,,Integer,,"MIN(MAX('PLHAGE'{}, 16), 'Truncated Age Max')","MIN(MAX('PLHAGE'{}, 16), 'Truncated Age Max')",0,0,Truncated Variables\Home,Y,,,,,,,,,,,,
Client_Age Year1,,,,Y,Y,Integer,,0,0,'Client_Age'{},'Client_Age'{},Truncated Variables\Motor,Y,,,,,,,,,,,,
DriverAge,,,,Y,Y,Integer,,0,0,"MIN(MAX('RGDAGE', 17), 'Truncated Age Max')","MIN(MAX('RGDAGE', 17), 'Truncated Age Max')",Truncated Variables\Motor,Y,,,,,,,,,,,,
DriverAge Year1,,,,Y,Y,Integer,,0,0,"MIN(MAX('RGDAGE'{}, 17),  'Truncated Age Max')","MIN(MAX('RGDAGE'{}, 17),  'Truncated Age Max')",Truncated Variables\Motor,Y,,,,,,,,,,,,
DriverAgeApp,,,,Y,Y,Integer,,0,0,"MIN(MAX('RGDAGE'{}-'VEHYRS'{}, 17), 'Truncated Age Max')","MIN(MAX('RGDAGE'{}-'VEHYRS'{}, 17), 'Truncated Age Max')",Truncated Variables\Motor,Y,,,,,,,,,,,,
EngineSize,,,,Y,Y,Real,,0,0,"MIN(MAX('VEHENG', 500), 3000)","MIN(MAX('VEHENG', 500), 3000)",Truncated Variables\Motor,Y,,,,,,,,,,,,
LicenceYears,,,,Y,Y,Integer,,0,0,"MIN(MAX('LICYRS', 0), 'Truncated Age Max' - 17)","MIN(MAX('LICYRS', 0), 'Truncated Age Max' - 17)",Truncated Variables\Motor,Y,2,Uncapped,,,"MAX('LICYRS', 0)","MAX('LICYRS', 0)",,,,,,
LicenceYears Year1,,,,Y,Y,Integer,,0,0,"MIN(MAX('LICYRS'{}, 0), 'Truncated Age Max' - 17)","MIN(MAX('LICYRS'{}, 0), 'Truncated Age Max' - 17)",Truncated Variables\Motor,Y,2,Uncapped,,,"MAX('LICYRS'{}, 0)","MAX('LICYRS'{}, 0)",,,,,,
Mileage,,,,Y,Y,Real,,0,0,"MIN(MAX('ANNMLG', 500), 20000)","MIN(MAX('ANNMLG', 500), 20000)",Truncated Variables\Motor,Y,,,,,,,,,,,,
NCD Year1,,,,Y,Y,Integer,,0,0,'NCD'{},'NCD'{},Truncated Variables\Motor,Y,,,,,,,,,,,,
VEHAGE Adj Year1,,,,Y,Y,Integer,,,,"IF('VEHAGE'{}>1800,  YEAR('INPDAT'{})-'VEHAGE'{}, 'VEHAGE'{})","IF('VEHAGE'{}>1800,  YEAR('INPDAT'{})-'VEHAGE'{}, 'VEHAGE'{})",Truncated Variables\Motor,Y,,,,,,,,,,,,
VehicleAge,Includes Year Purchased Correction,,,Y,Y,Integer,,0,0,"MIN(MAX('VEHAGE Adj Year1'+'VEHAGE'-'VEHAGE'{}, 0), 20)","MIN(MAX('VEHAGE Adj Year1'+'VEHAGE'-'VEHAGE'{}, 0), 20)",Truncated Variables\Motor,Y,2,No Year Purchased Correction,,,"MIN(MAX('VEHAGE', 0), 20)","MIN(MAX('VEHAGE', 0), 20)",,,,,,
VehicleAge Year1,Includes Year Purchased Correction,,,Y,Y,Integer,,0,0,"MIN(MAX('VEHAGE Adj Year1', 0), 20)","MIN(MAX('VEHAGE Adj Year1', 0), 20)",Truncated Variables\Motor,Y,2,No Year Purchased Correction,,,"MIN(MAX('VEHAGE'{}, 0), 20)","MIN(MAX('VEHAGE'{}, 0), 20)",,,,,,
VehicleAgeAPP,Includes Year Purchased Correction,,,Y,Y,Integer,,0,0,"MIN(MAX('VEHAGE Adj Year1'-'VEHYRS'{}, 0), 20)","MIN(MAX('VEHAGE Adj Year1'-'VEHYRS'{}, 0), 20)",Truncated Variables\Motor,Y,2,No Year Purchased Correction,,,"MIN(MAX('VEHAGE'{}-'VEHYRS'{}, 0), 20)","MIN(MAX('VEHAGE'{}-'VEHYRS'{}, 0), 20)",,,,,,
VehicleValue,,,,Y,Y,Real,,0,0,"MIN(MAX('INSVAL', 500), 40000)","MIN(MAX('INSVAL', 500), 40000)",Truncated Variables\Motor,Y,,,,,,,,,,,,
VehicleYears,,,,Y,Y,Integer,,0,0,"MIN(MAX('VEHYRS', 0), 20)","MIN(MAX('VEHYRS', 0), 20)",Truncated Variables\Motor,Y,,,,,,,,,,,,
VehicleYears Year1,,,,Y,Y,Integer,,0,0,"MIN(MAX('VEHYRS'{}, 0), 20)","MIN(MAX('VEHYRS'{}, 0), 20)",Truncated Variables\Motor,Y,,,,,,,,,,,,
Cancellation Rate,,Y,Y,Y,Y,Percentage,,0,0,0,0,CoreParameters,,2,Split,"IF('T'=0, 'MTC Ten=0 (exc LastYearInfo)', 'MTC Ten>0 (inc LastYearInfo)')","IF('T'=0, 'MTC T=0 (inc LastYearInfo)', 'MTC T>0 (exc LastYearInfo)')","IF('T'=0, 'MTC Ten=0 (exc LastYearInfo)', 'MTC Ten>0 (inc LastYearInfo)')","IF('T'=0, 'MTC T=0 (inc LastYearInfo)', 'MTC T>0 (exc LastYearInfo)')",,,,,,
Other Earnings,,Y,Y,Y,Y,Real,,'Income/Costs Refundable'+'Income/Costs Non-Refundable'*'NRA'+'EXTVAL','Income/Costs Refundable'+'Income/Costs Non-Refundable'*'NRA'+'EXTVAL','Income/Costs Refundable'+'Income/Costs Non-Refundable'*'NRA'+'EXTVAL','Income/Costs Refundable'+'Income/Costs Non-Refundable'*'NRA'+'EXTVAL',CoreParameters,,,,,,,,,,,,,
Cancellation Fee,,Y,Y,Y,Y,Real,,'CancFeeExcDebt' + 'CancIncome_Other' - ('CancDebt_BADFEE' + 'CancDebt_BADPRM' + 'CancDebt_CRD'),'CancFeeExcDebt' + 'CancIncome_Other' - ('CancDebt_BADFEE' + 'CancDebt_BADPRM' + 'CancDebt_CRD'),'CancFeeExcDebt' + 'CancIncome_Other' - ('CancDebt_BADFEE' + 'CancDebt_BADPRM' + 'CancDebt_CRD'),'CancFeeExcDebt' + 'CancIncome_Other' - ('CancDebt_BADFEE' + 'CancDebt_BADPRM' + 'CancDebt_CRD'),CoreParameters,,,,,,,,,,,,,
Actuarial Cost Parameter,,Y,Y,Y,Y,Real,,'VEHNET','VEHNET','VEHNET','VEHNET',CoreParameters,,,,,,,,,,,,,
Origination Demand,,Y,Y,Y,Y,Percentage,,1,1,1,1,CoreParameters,,3,Segmented,('NCR Elasticity Segments'),,('NCR Elasticity Segments'),,Cover,"IF('Cover'=1, 'NCR Combined', IF('Cover'=2, 'NCR Buildings', 'NCR Contents'))",,,,
Renewal Demand,,Y,Y,Y,Y,Percentage,,100%,100%,100%,100%,CoreParameters,,3,Segmented,('NRR Elasticity Segments'),('NRR Elasticity Segments'),('NRR Elasticity Segments'),('NRR Elasticity Segments'),Split,,"IF('T'=0, 'NRR T=0 (inc LastYearInfo)', 'NRR T>0 (exc LastYearInfo)')",,"IF('T'=0, 'NRR T=0 (inc LastYearInfo)', 'NRR T>0 (exc LastYearInfo)')",
Refund Proportion,,Y,Y,Y,Y,Percentage,,50%,50%,50%,50%,CoreParameters,,,,,,,,,,,,,
Non-Offering Rate,,Y,Y,Y,Y,Percentage,,('T'>0)*0.0%,('T'>0)*0.0%,('T'>0)*0.0%,('T'>0)*0.0%,CoreParameters,,,,,,,,,,,,,
ALL_COM,,Y,Y,Y,Y,,,('VEHCOM'+'ADDON_COM'),('VEHCOM'+'ADDON_COM'),('VEHCOM'+'ADDON_COM'),('VEHCOM'+'ADDON_COM'),PricingBehavior,,,,,,,,,,,,,
ALL_COM Post Discount,,Y,Y,Y,Y,,,('VEHCOM Post Discount'+'ADDON_COM'),('VEHCOM Post Discount'+'ADDON_COM'),('VEHCOM Post Discount'+'ADDON_COM'),('VEHCOM Post Discount'+'ADDON_COM'),PricingBehavior,,,,,,,,,,,,,
ALL_NET,,Y,Y,Y,Y,,,('VEHNET'+'ADDON_NET'),('VEHNET'+'ADDON_NET'),('VEHNET'+'ADDON_NET'),('VEHNET'+'ADDON_NET'),PricingBehavior,,,,,,,,,,,,,
ALL_TAX,,Y,Y,Y,Y,,,'Tax_Current','Tax_Current','Tax_Current','Tax_Current',PricingBehavior,,,,,,,,,,,,,
ALL_TAX Post Discount,,Y,Y,Y,Y,,,'Tax_Current (Post Discount)','Tax_Current (Post Discount)','Tax_Current (Post Discount)','Tax_Current (Post Discount)',PricingBehavior,,,,,,,,,,,,,
BLDNET,,Y,Y,,,,,"IF('T'=0, 'BLDNET'{}, 'BLDNET'{'T'-1}*(1+'NRI'))","IF('T'=0, 'BLDNET'{}, 'BLDNET'{'T'-1}*(1+'NRI'))",,,PricingBehavior,,,,,,,,,,,,,
Client_Age,,,,Y,Y,,,,,'Client_Age'{}+'T','Client_Age'{}+'T',PricingBehavior,,,,,,,,,,,,,
CNTNET,,Y,Y,,,,,"IF('T'=0, 'CNTNET'{}, 'CNTNET'{'T'-1}*(1+'NRI'))","IF('T'=0, 'CNTNET'{}, 'CNTNET'{'T'-1}*(1+'NRI'))",,,PricingBehavior,,,,,,,,,,,,,
GAM_DriverAge_F,,,,Y,Y,,,,,'GAM_DriverAge_F'{}+'T','GAM_DriverAge_F'{}+'T',PricingBehavior,,,,,,,,,,,,,
GAM_DriverAge_L,,,,Y,Y,,,,,'GAM_DriverAge_L'{}+'T','GAM_DriverAge_L'{}+'T',PricingBehavior,,,,,,,,,,,,,
GAM_DriverAge_Max,,,,Y,Y,,,,,'GAM_DriverAge_Max'{}+'T','GAM_DriverAge_Max'{}+'T',PricingBehavior,,,,,,,,,,,,,
GAM_DriverAge_Min,,,,Y,Y,,,,,'GAM_DriverAge_Min'{}+'T','GAM_DriverAge_Min'{}+'T',PricingBehavior,,,,,,,,,,,,,
GAM_LICYRS_F,,,,Y,Y,,,,,'GAM_LICYRS_F'{}+'T','GAM_LICYRS_F'{}+'T',PricingBehavior,,,,,,,,,,,,,
GAM_LICYRS_L,,,,Y,Y,,,,,'GAM_LICYRS_L'{}+'T','GAM_LICYRS_L'{}+'T',PricingBehavior,,,,,,,,,,,,,
GAM_LICYRS_Max,,,,Y,Y,,,,,'GAM_LICYRS_Max'{}+'T','GAM_LICYRS_Max'{}+'T',PricingBehavior,,,,,,,,,,,,,
GAM_LICYRS_Min,,,,Y,Y,,,,,'GAM_LICYRS_Min'{}+'T','GAM_LICYRS_Min'{}+'T',PricingBehavior,,,,,,,,,,,,,
GAM_NCD_F,,,,Y,Y,,,,,"MIN(9, 'GAM_NCD_F'{}+'T')","MIN(9, 'GAM_NCD_F'{}+'T')",PricingBehavior,,,,,,,,,,,,,
GAM_NCD_L,,,,Y,Y,,,,,"MIN(9, 'GAM_NCD_L'{}+'T')","MIN(9, 'GAM_NCD_L'{}+'T')",PricingBehavior,,,,,,,,,,,,,
GAM_NCD_Max,,,,Y,Y,,,,,"MIN(9, 'GAM_NCD_Max'{}+'T')","MIN(9, 'GAM_NCD_Max'{}+'T')",PricingBehavior,,,,,,,,,,,,,
GAM_NCD_Min,,,,Y,Y,,,,,"MIN(9, 'GAM_NCD_Min'{}+'T')","MIN(9, 'GAM_NCD_Min'{}+'T')",PricingBehavior,,,,,,,,,,,,,
GAM_VEHYRS_F,,,,Y,Y,,,,,'GAM_VEHYRS_F'{}+'T','GAM_VEHYRS_F'{}+'T',PricingBehavior,,,,,,,,,,,,,
GAM_VEHYRS_L,,,,Y,Y,,,,,'GAM_VEHYRS_L'{}+'T','GAM_VEHYRS_L'{}+'T',PricingBehavior,,,,,,,,,,,,,
GAM_VEHYRS_Max,,,,Y,Y,,,,,'GAM_VEHYRS_Max'{}+'T','GAM_VEHYRS_Max'{}+'T',PricingBehavior,,,,,,,,,,,,,
GAM_VEHYRS_Min,,,,Y,Y,,,,,'GAM_VEHYRS_Min'{}+'T','GAM_VEHYRS_Min'{}+'T',PricingBehavior,,,,,,,,,,,,,
HMEAGE,,Y,Y,,,,,'HMEAGE'{}+'T','HMEAGE'{}+'T',,,PricingBehavior,,,,,,,,,,,,,
LICYRS,,,,Y,Y,,,,,'LICYRS'{}+'T','LICYRS'{}+'T',PricingBehavior,,,,,,,,,,,,,
Misc_TaxRate,,Y,Y,Y,Y,,,"IF('T'=0, 'Misc_TaxRate'{}, 'Misc_TaxRate'{})","IF('T'=0, 'Misc_TaxRate'{}, 'Misc_TaxRate'{})","IF('T'=0, 'Misc_TaxRate'{}, 'Misc_TaxRate'{})","IF('T'=0, 'Misc_TaxRate'{}, 'Misc_TaxRate'{})",PricingBehavior,,,,,,,,,,,,,
NCD,,,,Y,Y,,,,,"MIN(9, 'NCD'{}+'T')","MIN(9, 'NCD'{}+'T')",PricingBehavior,,,,,,,,,,,,,
Offering Rate,Earnix does not apply the Non-Offering at Time 0 (even for renewal pricing),Y,Y,Y,Y,,,1-'Non-Offering Rate'*('T'>0),1-'Non-Offering Rate'*('T'>0),1-'Non-Offering Rate'*('T'>0),1-'Non-Offering Rate'*('T'>0),PricingBehavior,,,,,,,,,,,,,
PLHAGE,,Y,Y,,,,,'PLHAGE'{}+'T','PLHAGE'{}+'T',,,PricingBehavior,,,,,,,,,,,,,
PNCDCOM,,,,,Y,,,,,,"IF('T'=0, 'PNCDCOM'{},  'PNCDCOM'{'T'-1}*(1+'NRI'))",PricingBehavior,,,,,,,,,,,,,
Policy_TotalTax,,Y,Y,Y,Y,,,"IF('T'=0, MISSING_NUMERIC(), 'ALL_TAX Post Discount'{'T'-1})","IF('T'=0, 'Policy_TotalTax'{}, 'ALL_TAX Post Discount'{'T'-1})","IF('T'=0, MISSING_NUMERIC(), 'ALL_TAX Post Discount'{'T'-1})","IF('T'=0, 'Policy_TotalTax'{}, 'ALL_TAX Post Discount'{'T'-1})",PricingBehavior,,2,Pre Discount,"IF('T'=0, MISSING_NUMERIC(), 'ALL_TAX'{'T'-1})","IF('T'=0, 'Policy_TotalTax'{}, 'ALL_TAX'{'T'-1})","IF('T'=0, MISSING_NUMERIC(), 'ALL_TAX'{'T'-1})","IF('T'=0, 'Policy_TotalTax'{}, 'ALL_TAX'{'T'-1})",,,,,,
PRVCOM,,Y,Y,Y,Y,,,"IF('T'=0, MISSING_NUMERIC(), 'ALL_COM Post Discount'{'T'-1})","IF('T'=0, 'PRVCOM'{}, 'ALL_COM Post Discount'{'T'-1})","IF('T'=0, MISSING_NUMERIC(), 'ALL_COM Post Discount'{'T'-1})","IF('T'=0, 'PRVCOM'{}, 'ALL_COM Post Discount'{'T'-1})",PricingBehavior,,2,Pre Discount,"IF('T'=0, MISSING_NUMERIC(), 'ALL_COM'{'T'-1})","IF('T'=0, 'PRVCOM'{}, 'ALL_COM'{'T'-1})","IF('T'=0, MISSING_NUMERIC(), 'ALL_COM'{'T'-1})","IF('T'=0, 'PRVCOM'{}, 'ALL_COM'{'T'-1})",,,,,,
PRVNET,,Y,Y,Y,Y,,,"IF('T'=0, MISSING_NUMERIC(), 'ALL_NET'{'T'-1})","IF('T'=0, 'PRVNET'{}, 'ALL_NET'{'T'-1})","IF('T'=0, MISSING_NUMERIC(), 'ALL_NET'{'T'-1})","IF('T'=0, 'PRVNET'{}, 'ALL_NET'{'T'-1})",PricingBehavior,,,,,,,,,,,,,
PRVVHC,,Y,Y,Y,Y,,,"IF('T'=0, MISSING_NUMERIC(), 'VEHCOM Post Discount'{'T'-1})","IF('T'=0, 'PRVVHC'{}, 'VEHCOM Post Discount'{'T'-1})","IF('T'=0, MISSING_NUMERIC(), 'VEHCOM Post Discount'{'T'-1})","IF('T'=0, 'PRVVHC'{}, 'VEHCOM Post Discount'{'T'-1})",PricingBehavior,,2,Pre Discount,"IF('T'=0, MISSING_NUMERIC(), 'VEHCOM'{'T'-1})","IF('T'=0, 'PRVVHC'{}, 'VEHCOM'{'T'-1})","IF('T'=0, MISSING_NUMERIC(), 'VEHCOM'{'T'-1})","IF('T'=0, 'PRVVHC'{}, 'VEHCOM'{'T'-1})",,,,,,
PRVVHN,,Y,Y,Y,Y,,,"IF('T'=0, MISSING_NUMERIC(), 'VEHNET'{'T'-1})","IF('T'=0, 'PRVVHN'{}, 'VEHNET'{'T'-1})","IF('T'=0, MISSING_NUMERIC(), 'VEHNET'{'T'-1})","IF('T'=0, 'PRVVHN'{}, 'VEHNET'{'T'-1})",PricingBehavior,,,,,,,,,,,,,
PV_InYear,,Y,Y,Y,Y,,Sum Offered Any Year,'Demand'*(('Margin Parameter'+'Other Earnings')*(1-'Cancellation Rate'*'Refund Proportion')+'Cancellation Fee'*'Cancellation Rate')*(1.1^-'T'),'Demand'*(('Margin Parameter'+'Other Earnings')*(1-'Cancellation Rate'*'Refund Proportion')+'Cancellation Fee'*'Cancellation Rate')*(1.1^-'T'),'Demand'*(('Margin Parameter'+'Other Earnings')*(1-'Cancellation Rate'*'Refund Proportion')+'Cancellation Fee'*'Cancellation Rate')*(1.1^-'T'),'Demand'*(('Margin Parameter'+'Other Earnings')*(1-'Cancellation Rate'*'Refund Proportion')+'Cancellation Fee'*'Cancellation Rate')*(1.1^-'T'),PricingBehavior,,2,Sum Before Non-Offering Selection Any Year,'Offering Rate'*'Demand'*(('Margin Parameter'+'Other Earnings')*(1-'Cancellation Rate'*'Refund Proportion')+'Cancellation Fee'*'Cancellation Rate')*(1.1^-'T'),'Offering Rate'*'Demand'*(('Margin Parameter'+'Other Earnings')*(1-'Cancellation Rate'*'Refund Proportion')+'Cancellation Fee'*'Cancellation Rate')*(1.1^-'T'),'Offering Rate'*'Demand'*(('Margin Parameter'+'Other Earnings')*(1-'Cancellation Rate'*'Refund Proportion')+'Cancellation Fee'*'Cancellation Rate')*(1.1^-'T'),'Offering Rate'*'Demand'*(('Margin Parameter'+'Other Earnings')*(1-'Cancellation Rate'*'Refund Proportion')+'Cancellation Fee'*'Cancellation Rate')*(1.1^-'T'),,,,,,
PV_Overall,,Y,Y,Y,Y,,Sum Offered Any Year,"IF('T'=0, 'PV_InYear'{'T'}, ('PV_Overall'{'T'-1}/'Retain_InYear'{'T'-1})*('Offering Rate'{'T'-1}/'Offering Rate'{'T'}) + 'PV_InYear'{'T'})","IF('T'=0, 'PV_InYear'{'T'}, ('PV_Overall'{'T'-1}/'Retain_InYear'{'T'-1})*('Offering Rate'{'T'-1}/'Offering Rate'{'T'}) + 'PV_InYear'{'T'})","IF('T'=0, 'PV_InYear'{'T'}, ('PV_Overall'{'T'-1}/'Retain_InYear'{'T'-1})*('Offering Rate'{'T'-1}/'Offering Rate'{'T'}) + 'PV_InYear'{'T'})","IF('T'=0, 'PV_InYear'{'T'}, ('PV_Overall'{'T'-1}/'Retain_InYear'{'T'-1})*('Offering Rate'{'T'-1}/'Offering Rate'{'T'}) + 'PV_InYear'{'T'})",PricingBehavior,,2,Sum Before Non-Offering Selection Any Year,"IF('T'=0, 'PV_InYear'{'T'}, 'PV_Overall'{'T'-1}/'Retain_InYear'{'T'-1}+'PV_InYear'{'T'})","IF('T'=0, 'PV_InYear'{'T'}, 'PV_Overall'{'T'-1}/'Retain_InYear'{'T'-1}+'PV_InYear'{'T'})","IF('T'=0, 'PV_InYear'{'T'}, 'PV_Overall'{'T'-1}/'Retain_InYear'{'T'-1}+'PV_InYear'{'T'})","IF('T'=0, 'PV_InYear'{'T'}, 'PV_Overall'{'T'-1}/'Retain_InYear'{'T'-1}+'PV_InYear'{'T'})",,,,,,
Quote_AddOnTax,,Y,Y,Y,Y,,,'ALL_TAX'-'VEHTAX','ALL_TAX'-'VEHTAX','ALL_TAX'-'VEHTAX','ALL_TAX'-'VEHTAX',PricingBehavior,,,,,,,,,,,,,
Quote_Total_Tax,,Y,Y,Y,Y,,,'ALL_TAX','ALL_TAX','ALL_TAX','ALL_TAX',PricingBehavior,,,,,,,,,,,,,
Quote_TotalCommission,,Y,Y,Y,Y,,,'ADDON_COM',"IF('T'=0, 'Quote_TotalCommission'{}, 'ADDON_COM')",'ADDON_COM',"IF('T'=0, 'Quote_TotalCommission'{}, 'ADDON_COM')",PricingBehavior,,,,,,,,,,,,,
Quote_TotalNetPremium,,Y,Y,Y,Y,,,'ALL_NET',"IF('T'=0, 'Quote_TotalNetPremium'{}, 'ALL_NET')",'ALL_NET',"IF('T'=0, 'Quote_TotalNetPremium'{}, 'ALL_NET')",PricingBehavior,,,,,,,,,,,,,
Retain_InYear,,Y,Y,Y,Y,,,'Offering Rate'*'Demand'*(1-'Cancellation Rate'),'Offering Rate'*'Demand'*(1-'Cancellation Rate'),'Offering Rate'*'Demand'*(1-'Cancellation Rate'),'Offering Rate'*'Demand'*(1-'Cancellation Rate'),PricingBehavior,,,,,,,,,,,,,
Retain_Overall,,Y,Y,Y,Y,,,"IF('T'=0, 'Retain_InYear', 'Retain_Overall'{'T'-1}*'Retain_InYear')","IF('T'=0, 'Retain_InYear', 'Retain_Overall'{'T'-1}*'Retain_InYear')","IF('T'=0, 'Retain_InYear', 'Retain_Overall'{'T'-1}*'Retain_InYear')","IF('T'=0, 'Retain_InYear', 'Retain_Overall'{'T'-1}*'Retain_InYear')",PricingBehavior,,,,,,,,,,,,,
RGDAGE,,,,Y,Y,,,,,'RGDAGE'{}+'T','RGDAGE'{}+'T',PricingBehavior,,,,,,,,,,,,,
RNWCNT,,Y,Y,Y,Y,,,'RNWCNT'{}+'T','RNWCNT'{}+'T','RNWCNT'{}+'T','RNWCNT'{}+'T',PricingBehavior,,,,,,,,,,,,,
T0_Demand,,Y,Y,Y,Y,,,"IF('T'=0, 'Demand', 'T0_Demand'{'T'-1})","IF('T'=0, 'Demand', 'T0_Demand'{'T'-1})","IF('T'=0, 'Demand', 'T0_Demand'{'T'-1})","IF('T'=0, 'Demand', 'T0_Demand'{'T'-1})",PricingBehavior,,,,,,,,,,,,,
T0_Margin_Parameter,,Y,Y,Y,Y,,,"IF('T'=0, 'Margin Parameter', 'T0_Margin_Parameter'{'T'-1})","IF('T'=0, 'Margin Parameter', 'T0_Margin_Parameter'{'T'-1})","IF('T'=0, 'Margin Parameter', 'T0_Margin_Parameter'{'T'-1})","IF('T'=0, 'Margin Parameter', 'T0_Margin_Parameter'{'T'-1})",PricingBehavior,,,,,,,,,,,,,
T0_QUOTES (Sum Offered Any Year),,Y,Y,Y,Y,,,('Retain_InYear'/'Retain_Overall') / 'Offering Rate',('Retain_InYear'/'Retain_Overall') / 'Offering Rate',('Retain_InYear'/'Retain_Overall') / 'Offering Rate',('Retain_InYear'/'Retain_Overall') / 'Offering Rate',PricingBehavior,,2,Sum Before Non-Offering Selection Any Year,'Retain_InYear'/'Retain_Overall','Retain_InYear'/'Retain_Overall','Retain_InYear'/'Retain_Overall','Retain_InYear'/'Retain_Overall',,,,,,
T0_QUOTES_ACCEPTED (Sum Offered Any Year),,Y,Y,Y,Y,,,'T0_QUOTES (Sum Offered Any Year)'*'T0_Demand','T0_QUOTES (Sum Offered Any Year)'*'T0_Demand','T0_QUOTES (Sum Offered Any Year)'*'T0_Demand','T0_QUOTES (Sum Offered Any Year)'*'T0_Demand',PricingBehavior,,,,,,,,,,,,,
VEHAGE,,,,Y,Y,,,,,'VEHAGE'{}+'T','VEHAGE'{}+'T',PricingBehavior,,,,,,,,,,,,,
VEHCOM,,Y,Y,Y,Y,,,'Margin Parameter','Margin Parameter','Margin Parameter','Margin Parameter',PricingBehavior,,,,,,,,,,,,,
VEHCOM inc IIF,,Y,Y,Y,Y,,,'Margin Parameter'+'IIF_RevAdj','Margin Parameter'+'IIF_RevAdj','Margin Parameter'+'IIF_RevAdj','Margin Parameter'+'IIF_RevAdj',PricingBehavior,,,,,,,,,,,,,
VEHCOM Post Discount,,Y,Y,Y,Y,,,'Margin Parameter'-'Discount','Margin Parameter'-'Discount','Margin Parameter'-'Discount','Margin Parameter'-'Discount',PricingBehavior,,,,,,,,,,,,,
VEHCOM Post Discount inc IIF,,Y,Y,Y,Y,,,'Margin Parameter'-'Discount'+'IIF_RevAdj (Post Discount)','Margin Parameter'-'Discount'+'IIF_RevAdj (Post Discount)','Margin Parameter'-'Discount'+'IIF_RevAdj (Post Discount)','Margin Parameter'-'Discount'+'IIF_RevAdj (Post Discount)',PricingBehavior,,,,,,,,,,,,,
VEHNET,,Y,Y,Y,Y,,,"IF('T'=0, 'VEHNET'{}, 'PRVVHN'{'T'}*(1+'NRI'))","IF('T'=0, 'VEHNET'{}, 'PRVVHN'{'T'}*(1+'NRI'))","IF('T'=0, 'VEHNET'{}, 'PRVVHN'{'T'}*(1+'NRI'))","IF('T'=0, 'VEHNET'{}, 'PRVVHN'{'T'}*(1+'NRI'))",PricingBehavior,,,,,,,,,,,,,
VEHYRS,,,,Y,Y,,,,,'VEHYRS'{}+'T','VEHYRS'{}+'T',PricingBehavior,,,,,,,,,,,,,
